Gene_ID,Chromosome,Position,Mutation_Type,Patient_ID,Expression_Level
Gene1,1,1000,Missense,P1,0.5
Gene2,2,2000,Frameshift,P2,0.7
Gene1,1,1000,Missense,P3,0.6
Gene3,3,3000,Splice,P4,0.8
Gene4,1,4000,Insertion,P5,0.4
Gene2,2,2000,Frameshift,P6,0.9
Gene5,4,5000,Deletion,P7,0.3
Gene3,3,3000,Splice,P8,0.75
Gene1,1,1000,Missense,P9,0.55
Gene6,5,6000,Silent,P10,0.65
Gene4,1,4000,Insertion,P11,0.45
Gene2,2,2000,Frameshift,P12,0.85
Gene7,6,7000,Missense,P13,0.35
Gene5,4,5000,Deletion,P14,0.78
Gene3,3,3000,Splice,P15,0.62
Gene8,7,8000,Frameshift,P16,0.58
Gene6,5,6000,Silent,P17,0.48
Gene4,1,4000,Insertion,P18,0.82
Gene9,8,9000,Missense,P19,0.38
Gene7,6,7000,Deletion,P20,0.72